"personal_id","device_id","date","time","hr","steps","lat","lon","amd","rmd","tid_1","tid_2","tid_3","rssi_1","rssi_2","rssi_3"
service_user8,"03f67f3f739263dc",2023-11-03,2023-11-03 08:49:57,118,10,,,1,1,"0x33000000000000000000","0x0102030405060708090a","0x31000000000000000000",-82,-95,-96
service_user8,"03f67f3f739263dc",2023-11-03,2023-11-03 08:50:57,132,10,,,1,1,"0x33000000000000000000","0x0102030405060708090a","0x31000000000000000000",-74,-81,-88
service_user8,"03f67f3f739263dc",2023-11-03,2023-11-03 08:51:57,104,27,,,1,0,"0x33000000000000000000","0x31000000000000000000","0x0102030405060708090a",-86,-90,-100
service_user8,"03f67f3f739263dc",2023-11-03,2023-11-03 08:52:57,123,32,,,1,0,,,,,,
service_user8,"03f67f3f739263dc",2023-11-03,2023-11-03 08:53:58,108,46,,,1,0,"0x0102030405060708090a","0x33000000000000000000","0x31000000000000000000",-80,-84,-93
service_user8,"03f67f3f739263dc",2023-11-03,2023-11-03 08:54:58,87,51,,,1,1,,,,,,
service_user8,"03f67f3f739263dc",2023-11-03,2023-11-03 08:55:58,77,54,,,1,0,,,,,,
service_user8,"03f67f3f739263dc",2023-11-03,2023-11-03 08:56:58,85,56,,,1,0,,,,,,
service_user8,"03f67f3f739263dc",2023-11-03,2023-11-03 08:57:58,79,56,,,1,0,,,,,,
service_user8,"03f67f3f739263dc",2023-11-03,2023-11-03 08:58:58,64,57,,,1,1,,,,,,
service_user8,"03f67f3f739263dc",2023-11-03,2023-11-03 08:59:58,62,58,,,1,0,,,,,,
service_user8,"03f67f3f739263dc",2023-11-03,2023-11-03 09:00:58,71,58,,,0,0,,,,,,
service_user8,"03f67f3f739263dc",2023-11-03,2023-11-03 09:01:58,67,58,,,0,0,,,,,,
service_user8,"03f67f3f739263dc",2023-11-03,2023-11-03 09:02:58,59,58,,,1,1,,,,,,
service_user8,"03f67f3f739263dc",2023-11-03,2023-11-03 09:03:59,71,58,,,1,0,,,,,,
service_user8,"03f67f3f739263dc",2023-11-03,2023-11-03 09:04:59,58,58,,,0,0,,,,,,
service_user8,"03f67f3f739263dc",2023-11-03,2023-11-03 09:05:59,62,59,,,0,0,,,,,,
service_user8,"03f67f3f739263dc",2023-11-03,2023-11-03 09:06:59,61,59,,,1,0,,,,,,
service_user8,"03f67f3f739263dc",2023-11-03,2023-11-03 09:07:59,61,59,,,1,0,,,,,,
service_user8,"03f67f3f739263dc",2023-11-03,2023-11-03 09:08:59,60,59,,,1,0,,,,,,
service_user8,"03f67f3f739263dc",2023-11-03,2023-11-03 09:09:59,68,59,,,0,0,,,,,,
service_user8,"03f67f3f739263dc",2023-11-03,2023-11-03 09:10:59,65,59,,,0,0,,,,,,
service_user8,"03f67f3f739263dc",2023-11-03,2023-11-03 09:12:00,60,60,,,1,0,,,,,,
service_user8,"03f67f3f739263dc",2023-11-03,2023-11-03 09:13:00,58,60,,,1,0,"0x33000000000000000000","0x0102030405060708090a","0x31000000000000000000",-79,-84,-95
service_user8,"03f67f3f739263dc",2023-11-03,2023-11-03 09:14:00,61,60,,,1,0,,,,,,
service_user8,"03f67f3f739263dc",2023-11-03,2023-11-03 09:15:00,64,60,,,1,0,,,,,,
service_user8,"03f67f3f739263dc",2023-11-03,2023-11-03 09:16:00,59,60,,,1,0,,,,,,
service_user8,"03f67f3f739263dc",2023-11-03,2023-11-03 09:17:00,74,60,,,1,0,,,,,,
service_user8,"03f67f3f739263dc",2023-11-03,2023-11-03 09:18:00,65,60,,,1,0,,,,,,
service_user8,"03f67f3f739263dc",2023-11-03,2023-11-03 09:19:00,58,60,,,1,0,,,,,,
service_user8,"03f67f3f739263dc",2023-11-03,2023-11-03 09:20:00,61,60,,,1,0,,,,,,
service_user8,"03f67f3f739263dc",2023-11-03,2023-11-03 09:21:00,55,60,,,1,1,,,,,,
service_user8,"03f67f3f739263dc",2023-11-03,2023-11-03 09:22:01,88,88,,,1,0,,,,,,
service_user8,"03f67f3f739263dc",2023-11-03,2023-11-03 09:23:01,83,88,,,1,0,,,,,,
service_user8,"03f67f3f739263dc",2023-11-03,2023-11-03 09:24:01,77,88,,,1,0,,,,,,
service_user8,"03f67f3f739263dc",2023-11-03,2023-11-03 09:25:01,66,88,,,1,0,,,,,,
service_user8,"03f67f3f739263dc",2023-11-03,2023-11-03 09:26:01,64,110,,,0,0,,,,,,
service_user8,"03f67f3f739263dc",2023-11-03,2023-11-03 09:27:01,64,110,,,1,0,,,,,,
service_user8,"03f67f3f739263dc",2023-11-03,2023-11-03 09:28:01,69,126,,,1,0,,,,,,
service_user8,"03f67f3f739263dc",2023-11-03,2023-11-03 09:29:01,65,127,,,1,0,"0x33000000000000000000","0x0102030405060708090a",,-95,-96,
service_user8,"03f67f3f739263dc",2023-11-03,2023-11-03 09:30:01,59,127,,,1,0,,,,,,
service_user8,"03f67f3f739263dc",2023-11-03,2023-11-03 09:31:01,69,127,,,1,0,,,,,,
service_user8,"03f67f3f739263dc",2023-11-03,2023-11-03 09:32:02,70,127,,,1,0,,,,,,
service_user8,"03f67f3f739263dc",2023-11-03,2023-11-03 09:33:02,86,127,,,1,1,,,,,,
service_user8,"03f67f3f739263dc",2023-11-03,2023-11-03 09:34:02,83,127,,,1,1,"0x0102030405060708090a","0x33000000000000000000",,-98,-100,
service_user8,"03f67f3f739263dc",2023-11-03,2023-11-03 09:35:02,97,127,,,1,0,,,,,,
service_user8,"03f67f3f739263dc",2023-11-03,2023-11-03 09:36:02,84,127,,,1,0,,,,,,
service_user8,"03f67f3f739263dc",2023-11-03,2023-11-03 09:37:02,71,127,,,1,0,,,,,,
service_user8,"03f67f3f739263dc",2023-11-03,2023-11-03 09:38:02,69,127,,,1,0,,,,,,
service_user8,"03f67f3f739263dc",2023-11-03,2023-11-03 09:39:02,75,127,,,1,0,,,,,,
service_user8,"03f67f3f739263dc",2023-11-03,2023-11-03 09:40:02,71,127,,,1,0,,,,,,
service_user8,"03f67f3f739263dc",2023-11-03,2023-11-03 09:41:02,72,135,,,1,0,,,,,,
service_user8,"03f67f3f739263dc",2023-11-03,2023-11-03 09:42:02,70,135,,,1,0,,,,,,
service_user8,"03f67f3f739263dc",2023-11-03,2023-11-03 09:43:03,67,135,,,1,0,,,,,,
service_user8,"03f67f3f739263dc",2023-11-03,2023-11-03 09:44:03,62,135,,,1,1,,,,,,
service_user8,"03f67f3f739263dc",2023-11-03,2023-11-03 09:45:03,65,135,,,1,0,,,,,,
service_user8,"03f67f3f739263dc",2023-11-03,2023-11-03 09:46:03,66,135,,,1,0,,,,,,
service_user8,"03f67f3f739263dc",2023-11-03,2023-11-03 09:47:03,65,135,,,1,1,,,,,,
service_user8,"03f67f3f739263dc",2023-11-03,2023-11-03 09:48:03,57,135,,,1,0,,,,,,
service_user8,"03f67f3f739263dc",2023-11-03,2023-11-03 09:49:03,67,135,,,1,0,,,,,,
service_user8,"03f67f3f739263dc",2023-11-03,2023-11-03 09:50:03,70,135,,,1,0,,,,,,
service_user8,"03f67f3f739263dc",2023-11-03,2023-11-03 09:51:03,69,135,,,1,0,,,,,,
service_user8,"03f67f3f739263dc",2023-11-03,2023-11-03 09:52:03,70,135,,,1,1,"0x0102030405060708090a","0x33000000000000000000",,-87,-97,
service_user8,"03f67f3f739263dc",2023-11-03,2023-11-03 09:53:04,73,135,,,1,0,,,,,,
service_user8,"03f67f3f739263dc",2023-11-03,2023-11-03 09:54:04,69,135,,,1,0,,,,,,
service_user8,"03f67f3f739263dc",2023-11-03,2023-11-03 09:55:04,63,135,,,1,0,,,,,,
service_user8,"03f67f3f739263dc",2023-11-03,2023-11-03 09:56:04,66,135,,,1,0,,,,,,
service_user8,"03f67f3f739263dc",2023-11-03,2023-11-03 09:57:04,73,135,,,1,1,"0x0102030405060708090a","0x33000000000000000000",,-92,-93,
service_user8,"03f67f3f739263dc",2023-11-03,2023-11-03 09:58:04,68,136,,,1,0,,,,,,
service_user8,"03f67f3f739263dc",2023-11-03,2023-11-03 09:59:04,61,136,,,1,0,,,,,,
service_user8,"03f67f3f739263dc",2023-11-03,2023-11-03 10:00:04,73,136,,,1,1,,,,,,
service_user8,"03f67f3f739263dc",2023-11-03,2023-11-03 10:01:04,78,136,,,1,1,,,,,,
service_user8,"03f67f3f739263dc",2023-11-03,2023-11-03 10:02:05,69,143,,,1,0,,,,,,
service_user8,"03f67f3f739263dc",2023-11-03,2023-11-03 10:03:05,59,143,,,1,0,"0x33000000000000000000","0x0102030405060708090a",,-92,-93,
service_user8,"03f67f3f739263dc",2023-11-03,2023-11-03 10:04:05,67,143,,,1,0,,,,,,
service_user8,"03f67f3f739263dc",2023-11-03,2023-11-03 10:05:05,61,147,,,1,0,,,,,,
service_user8,"03f67f3f739263dc",2023-11-03,2023-11-03 10:06:05,69,148,,,1,0,,,,,,
service_user8,"03f67f3f739263dc",2023-11-03,2023-11-03 10:07:05,69,148,,,1,0,,,,,,
service_user8,"03f67f3f739263dc",2023-11-03,2023-11-03 10:08:05,72,148,,,1,0,,,,,,
service_user8,"03f67f3f739263dc",2023-11-03,2023-11-03 10:09:05,65,164,,,1,1,,,,,,
service_user8,"03f67f3f739263dc",2023-11-03,2023-11-03 10:10:06,60,192,,,1,0,,,,,,
service_user8,"03f67f3f739263dc",2023-11-03,2023-11-03 10:11:06,62,192,,,1,0,,,,,,
service_user8,"03f67f3f739263dc",2023-11-03,2023-11-03 10:12:06,70,192,,,0,0,,,,,,
service_user8,"03f67f3f739263dc",2023-11-03,2023-11-03 10:13:06,62,192,,,0,0,,,,,,
service_user8,"03f67f3f739263dc",2023-11-03,2023-11-03 10:14:06,66,196,,,1,0,,,,,,
service_user8,"03f67f3f739263dc",2023-11-03,2023-11-03 10:15:06,65,196,,,1,0,,,,,,
service_user8,"03f67f3f739263dc",2023-11-03,2023-11-03 10:16:06,69,213,,,1,1,,,,,,
service_user8,"03f67f3f739263dc",2023-11-03,2023-11-03 10:17:06,79,223,,,1,0,,,,,,
service_user8,"03f67f3f739263dc",2023-11-03,2023-11-03 10:18:06,81,223,,,1,0,"0x33000000000000000000","0x0102030405060708090a","0x31000000000000000000",-77,-81,-95
service_user8,"03f67f3f739263dc",2023-11-03,2023-11-03 10:19:06,77,223,,,0,0,,,,,,
service_user8,"03f67f3f739263dc",2023-11-03,2023-11-03 10:20:06,67,227,,,1,0,,,,,,
service_user8,"03f67f3f739263dc",2023-11-03,2023-11-03 10:21:07,71,227,,,1,0,,,,,,
service_user8,"03f67f3f739263dc",2023-11-03,2023-11-03 10:22:07,76,227,,,1,0,,,,,,
service_user8,"03f67f3f739263dc",2023-11-03,2023-11-03 10:23:07,74,227,,,1,0,,,,,,
service_user8,"03f67f3f739263dc",2023-11-03,2023-11-03 10:24:07,79,227,,,1,0,,,,,,
service_user8,"03f67f3f739263dc",2023-11-03,2023-11-03 10:25:07,75,227,,,1,0,,,,,,
service_user8,"03f67f3f739263dc",2023-11-03,2023-11-03 10:26:07,74,227,,,1,0,,,,,,
service_user8,"03f67f3f739263dc",2023-11-03,2023-11-03 10:27:07,77,227,,,1,1,,,,,,
service_user8,"03f67f3f739263dc",2023-11-03,2023-11-03 10:28:07,74,227,,,1,0,,,,,,
service_user8,"03f67f3f739263dc",2023-11-03,2023-11-03 10:29:08,79,227,,,1,0,,,,,,
service_user8,"03f67f3f739263dc",2023-11-03,2023-11-03 10:30:08,86,228,,,1,1,,,,,,
service_user8,"03f67f3f739263dc",2023-11-03,2023-11-03 10:31:08,83,228,,,1,0,,,,,,
service_user8,"03f67f3f739263dc",2023-11-03,2023-11-03 10:32:08,56,228,,,1,1,,,,,,
service_user8,"03f67f3f739263dc",2023-11-03,2023-11-03 10:33:08,60,228,,,1,1,,,,,,
service_user8,"03f67f3f739263dc",2023-11-03,2023-11-03 10:34:08,71,228,,,1,0,,,,,,
service_user8,"03f67f3f739263dc",2023-11-03,2023-11-03 10:35:08,56,229,,,1,1,,,,,,
service_user8,"03f67f3f739263dc",2023-11-03,2023-11-03 10:36:08,56,229,,,1,1,,,,,,
service_user8,"03f67f3f739263dc",2023-11-03,2023-11-03 10:37:09,78,229,,,1,1,,,,,,
service_user8,"03f67f3f739263dc",2023-11-03,2023-11-03 10:38:09,72,229,,,1,0,,,,,,
service_user8,"03f67f3f739263dc",2023-11-03,2023-11-03 10:39:09,69,230,,,1,0,,,,,,
service_user8,"03f67f3f739263dc",2023-11-03,2023-11-03 10:40:09,72,230,,,1,0,,,,,,
service_user8,"03f67f3f739263dc",2023-11-03,2023-11-03 10:41:09,70,261,,,1,1,,,,,,
service_user8,"03f67f3f739263dc",2023-11-03,2023-11-03 10:42:09,79,270,,,1,0,,,,,,
service_user8,"03f67f3f739263dc",2023-11-03,2023-11-03 10:43:09,73,270,,,1,0,,,,,,
service_user8,"03f67f3f739263dc",2023-11-03,2023-11-03 10:44:09,81,270,,,1,0,,,,,,
service_user8,"03f67f3f739263dc",2023-11-03,2023-11-03 10:45:10,67,270,,,1,0,,,,,,
service_user8,"03f67f3f739263dc",2023-11-03,2023-11-03 10:46:10,68,270,,,1,1,,,,,,
service_user8,"03f67f3f739263dc",2023-11-03,2023-11-03 10:47:10,63,270,,,1,1,,,,,,
service_user8,"03f67f3f739263dc",2023-11-03,2023-11-03 10:48:10,74,277,,,1,0,,,,,,
service_user8,"03f67f3f739263dc",2023-11-03,2023-11-03 10:49:10,84,285,,,1,1,,,,,,
service_user8,"03f67f3f739263dc",2023-11-03,2023-11-03 10:50:10,77,285,,,1,0,,,,,,
service_user8,"03f67f3f739263dc",2023-11-03,2023-11-03 10:51:10,72,285,,,1,0,,,,,,
service_user8,"03f67f3f739263dc",2023-11-03,2023-11-03 10:52:10,70,285,,,1,0,,,,,,
service_user8,"03f67f3f739263dc",2023-11-03,2023-11-03 10:53:10,68,285,,,1,0,,,,,,
service_user8,"03f67f3f739263dc",2023-11-03,2023-11-03 10:54:11,74,285,,,1,0,,,,,,
service_user8,"03f67f3f739263dc",2023-11-03,2023-11-03 10:55:11,74,285,,,1,0,,,,,,
service_user8,"03f67f3f739263dc",2023-11-03,2023-11-03 10:56:11,72,285,,,1,0,,,,,,
service_user8,"03f67f3f739263dc",2023-11-03,2023-11-03 10:57:11,70,285,,,1,0,,,,,,
service_user8,"03f67f3f739263dc",2023-11-03,2023-11-03 10:58:11,75,285,,,1,0,,,,,,
service_user8,"03f67f3f739263dc",2023-11-03,2023-11-03 10:59:11,67,285,,,1,0,,,,,,
service_user8,"03f67f3f739263dc",2023-11-03,2023-11-03 11:00:11,66,286,,,1,1,,,,,,
service_user8,"03f67f3f739263dc",2023-11-03,2023-11-03 11:01:11,64,287,,,1,0,,,,,,
service_user8,"03f67f3f739263dc",2023-11-03,2023-11-03 11:02:11,76,287,,,1,0,,,,,,
service_user8,"03f67f3f739263dc",2023-11-03,2023-11-03 11:03:12,67,289,,,1,0,,,,,,
service_user8,"03f67f3f739263dc",2023-11-03,2023-11-03 11:04:12,74,289,,,1,0,,,,,,
service_user8,"03f67f3f739263dc",2023-11-03,2023-11-03 11:05:12,67,289,,,1,0,,,,,,
service_user8,"03f67f3f739263dc",2023-11-03,2023-11-03 11:06:12,67,290,,,1,0,,,,,,
service_user8,"03f67f3f739263dc",2023-11-03,2023-11-03 11:07:12,69,290,,,1,0,,,,,,
service_user8,"03f67f3f739263dc",2023-11-03,2023-11-03 11:08:12,77,290,,,1,0,,,,,,
service_user8,"03f67f3f739263dc",2023-11-03,2023-11-03 11:09:12,68,291,,,1,0,,,,,,
service_user8,"03f67f3f739263dc",2023-11-03,2023-11-03 11:10:12,70,291,,,1,0,,,,,,
service_user8,"03f67f3f739263dc",2023-11-03,2023-11-03 11:11:13,64,291,,,1,1,,,,,,
service_user8,"03f67f3f739263dc",2023-11-03,2023-11-03 11:12:13,73,292,,,1,0,,,,,,
service_user8,"03f67f3f739263dc",2023-11-03,2023-11-03 11:13:13,75,293,,,1,1,,,,,,
service_user8,"03f67f3f739263dc",2023-11-03,2023-11-03 11:14:13,81,293,,,1,0,,,,,,
service_user8,"03f67f3f739263dc",2023-11-03,2023-11-03 11:15:13,81,357,,,1,1,,,,,,
service_user8,"03f67f3f739263dc",2023-11-03,2023-11-03 11:16:13,94,454,,,1,1,,,,,,
service_user8,"03f67f3f739263dc",2023-11-03,2023-11-03 11:17:13,73,462,,,1,0,,,,,,
service_user8,"03f67f3f739263dc",2023-11-03,2023-11-03 11:18:13,63,462,,,0,0,,,,,,
service_user8,"03f67f3f739263dc",2023-11-03,2023-11-03 11:19:14,70,462,,,1,0,,,,,,
service_user8,"03f67f3f739263dc",2023-11-03,2023-11-03 11:20:14,62,462,,,0,0,,,,,,
service_user8,"03f67f3f739263dc",2023-11-03,2023-11-03 11:21:14,66,462,,,1,0,"0x33000000000000000000","0x0102030405060708090a",,-76,-87,
service_user8,"03f67f3f739263dc",2023-11-03,2023-11-03 11:22:14,66,462,,,1,0,,,,,,
service_user8,"03f67f3f739263dc",2023-11-03,2023-11-03 11:23:14,64,462,,,1,0,,,,,,
service_user8,"03f67f3f739263dc",2023-11-03,2023-11-03 11:24:14,64,462,,,0,0,,,,,,
service_user8,"03f67f3f739263dc",2023-11-03,2023-11-03 11:25:14,70,475,,,1,1,,,,,,
service_user8,"03f67f3f739263dc",2023-11-03,2023-11-03 11:26:14,75,478,,,1,0,,,,,,
service_user8,"03f67f3f739263dc",2023-11-03,2023-11-03 11:27:14,63,478,,,1,0,,,,,,
service_user8,"03f67f3f739263dc",2023-11-03,2023-11-03 11:28:14,69,478,,,1,0,,,,,,
service_user8,"03f67f3f739263dc",2023-11-03,2023-11-03 11:29:14,74,478,,,1,1,,,,,,
service_user8,"03f67f3f739263dc",2023-11-03,2023-11-03 11:30:15,70,478,,,1,0,,,,,,
service_user8,"03f67f3f739263dc",2023-11-03,2023-11-03 11:31:15,53,478,,,1,0,"0x0102030405060708090a","0x33000000000000000000",,-91,-97,
service_user8,"03f67f3f739263dc",2023-11-03,2023-11-03 11:32:15,65,479,,,1,0,,,,,,
service_user8,"03f67f3f739263dc",2023-11-03,2023-11-03 11:33:15,63,479,,,1,0,,,,,,
service_user8,"03f67f3f739263dc",2023-11-03,2023-11-03 11:34:15,89,481,,,1,1,,,,,,
service_user8,"03f67f3f739263dc",2023-11-03,2023-11-03 11:35:15,83,482,,,1,0,,,,,,
service_user8,"03f67f3f739263dc",2023-11-03,2023-11-03 11:36:15,72,482,,,1,0,,,,,,
service_user8,"03f67f3f739263dc",2023-11-03,2023-11-03 11:37:15,85,482,,,1,0,,,,,,
service_user8,"03f67f3f739263dc",2023-11-03,2023-11-03 11:38:15,71,482,,,1,0,,,,,,
service_user8,"03f67f3f739263dc",2023-11-03,2023-11-03 11:39:15,57,482,,,1,0,,,,,,
service_user8,"03f67f3f739263dc",2023-11-03,2023-11-03 11:40:15,60,482,,,1,1,,,,,,
service_user8,"03f67f3f739263dc",2023-11-03,2023-11-03 11:41:15,65,482,,,1,0,,,,,,
service_user8,"03f67f3f739263dc",2023-11-03,2023-11-03 11:42:15,58,482,,,1,0,"0x33000000000000000000","0x0102030405060708090a",,-92,-95,
service_user8,"03f67f3f739263dc",2023-11-03,2023-11-03 11:43:16,71,482,,,1,0,,,,,,
service_user8,"03f67f3f739263dc",2023-11-03,2023-11-03 11:44:16,72,482,,,1,0,,,,,,
service_user8,"03f67f3f739263dc",2023-11-03,2023-11-03 11:45:16,74,482,,,1,0,,,,,,
service_user8,"03f67f3f739263dc",2023-11-03,2023-11-03 11:46:16,72,482,,,1,1,,,,,,
service_user8,"03f67f3f739263dc",2023-11-03,2023-11-03 11:47:16,71,482,,,1,0,"0x0102030405060708090a","0x33000000000000000000",,-91,-95,
service_user8,"03f67f3f739263dc",2023-11-03,2023-11-03 11:48:16,77,482,,,1,0,,,,,,
service_user8,"03f67f3f739263dc",2023-11-03,2023-11-03 11:49:16,74,482,,,1,1,,,,,,
service_user8,"03f67f3f739263dc",2023-11-03,2023-11-03 11:50:16,63,483,,,1,0,,,,,,
service_user8,"03f67f3f739263dc",2023-11-03,2023-11-03 11:51:16,58,483,,,1,0,,,,,,
service_user8,"03f67f3f739263dc",2023-11-03,2023-11-03 11:52:16,74,483,,,1,1,,,,,,
service_user8,"03f67f3f739263dc",2023-11-03,2023-11-03 11:53:17,63,483,,,1,1,,,,,,
service_user8,"03f67f3f739263dc",2023-11-03,2023-11-03 11:54:17,60,483,,,1,1,,,,,,
service_user8,"03f67f3f739263dc",2023-11-03,2023-11-03 11:55:17,69,483,,,1,1,,,,,,
service_user8,"03f67f3f739263dc",2023-11-03,2023-11-03 11:56:17,72,483,,,1,0,,,,,,
service_user8,"03f67f3f739263dc",2023-11-03,2023-11-03 11:57:17,64,483,,,1,0,,,,,,
service_user8,"03f67f3f739263dc",2023-11-03,2023-11-03 11:58:17,67,483,,,1,0,,,,,,
service_user8,"03f67f3f739263dc",2023-11-03,2023-11-03 11:59:17,65,483,,,1,1,,,,,,
service_user8,"03f67f3f739263dc",2023-11-03,2023-11-03 12:00:17,65,483,,,1,0,,,,,,
service_user8,"03f67f3f739263dc",2023-11-03,2023-11-03 12:01:17,71,483,,,1,0,"0x33000000000000000000","0x0102030405060708090a",,-86,-90,
service_user8,"03f67f3f739263dc",2023-11-03,2023-11-03 12:02:17,75,483,,,1,0,,,,,,
service_user8,"03f67f3f739263dc",2023-11-03,2023-11-03 12:03:17,69,483,,,1,0,,,,,,
service_user8,"03f67f3f739263dc",2023-11-03,2023-11-03 12:04:18,65,483,,,1,1,,,,,,
service_user8,"03f67f3f739263dc",2023-11-03,2023-11-03 12:05:18,69,483,,,1,0,,,,,,
service_user8,"03f67f3f739263dc",2023-11-03,2023-11-03 12:06:18,73,483,,,1,0,,,,,,
service_user8,"03f67f3f739263dc",2023-11-03,2023-11-03 12:07:18,65,483,,,1,0,,,,,,
service_user8,"03f67f3f739263dc",2023-11-03,2023-11-03 12:08:18,65,483,,,1,0,,,,,,
service_user8,"03f67f3f739263dc",2023-11-03,2023-11-03 12:09:18,66,483,,,1,0,,,,,,
service_user8,"03f67f3f739263dc",2023-11-03,2023-11-03 12:10:18,67,483,,,1,0,,,,,,
service_user8,"03f67f3f739263dc",2023-11-03,2023-11-03 12:11:18,61,483,,,1,0,,,,,,
service_user8,"03f67f3f739263dc",2023-11-03,2023-11-03 12:12:18,69,483,,,1,0,,,,,,
service_user8,"03f67f3f739263dc",2023-11-03,2023-11-03 12:13:18,72,483,,,1,0,,,,,,
service_user8,"03f67f3f739263dc",2023-11-03,2023-11-03 12:14:18,64,483,,,1,0,,,,,,
service_user8,"03f67f3f739263dc",2023-11-03,2023-11-03 12:15:19,65,483,,,1,0,,,,,,
service_user8,"03f67f3f739263dc",2023-11-03,2023-11-03 12:16:19,65,483,,,1,1,,,,,,
service_user8,"03f67f3f739263dc",2023-11-03,2023-11-03 12:17:19,77,504,,,1,0,,,,,,
service_user8,"03f67f3f739263dc",2023-11-03,2023-11-03 12:18:19,68,514,,,1,0,,,,,,
service_user8,"03f67f3f739263dc",2023-11-03,2023-11-03 12:19:19,68,514,,,1,0,,,,,,
service_user8,"03f67f3f739263dc",2023-11-03,2023-11-03 12:20:19,68,514,,,1,0,,,,,,
service_user8,"03f67f3f739263dc",2023-11-03,2023-11-03 12:21:19,70,514,,,1,0,,,,,,
service_user8,"03f67f3f739263dc",2023-11-03,2023-11-03 12:22:19,92,515,,,1,1,,,,,,
service_user8,"03f67f3f739263dc",2023-11-03,2023-11-03 12:23:19,85,532,,,1,0,,,,,,
service_user8,"03f67f3f739263dc",2023-11-03,2023-11-03 12:24:19,60,532,,,1,0,,,,,,
service_user8,"03f67f3f739263dc",2023-11-03,2023-11-03 12:25:19,60,532,,,0,0,,,,,,
service_user8,"03f67f3f739263dc",2023-11-03,2023-11-03 12:26:20,59,532,,,1,1,,,,,,
service_user8,"03f67f3f739263dc",2023-11-03,2023-11-03 12:27:20,74,571,,,1,1,,,,,,
service_user8,"03f67f3f739263dc",2023-11-03,2023-11-03 12:28:20,68,579,,,1,1,,,,,,
service_user8,"03f67f3f739263dc",2023-11-03,2023-11-03 12:29:20,88,583,,,1,0,,,,,,
service_user8,"03f67f3f739263dc",2023-11-03,2023-11-03 12:30:20,72,585,,,1,0,,,,,,
service_user8,"03f67f3f739263dc",2023-11-03,2023-11-03 12:31:20,60,585,,,1,0,,,,,,
service_user8,"03f67f3f739263dc",2023-11-03,2023-11-03 12:32:20,68,585,,,1,1,,,,,,
service_user8,"03f67f3f739263dc",2023-11-03,2023-11-03 12:33:20,60,585,,,1,0,,,,,,
service_user8,"03f67f3f739263dc",2023-11-03,2023-11-03 12:34:20,72,585,,,1,1,,,,,,
service_user8,"03f67f3f739263dc",2023-11-03,2023-11-03 12:35:20,69,585,,,1,0,,,,,,
service_user8,"03f67f3f739263dc",2023-11-03,2023-11-03 12:36:21,68,588,,,1,0,,,,,,
service_user8,"03f67f3f739263dc",2023-11-03,2023-11-03 12:37:21,64,596,,,1,0,,,,,,
service_user8,"03f67f3f739263dc",2023-11-03,2023-11-03 12:38:21,67,602,,,1,0,,,,,,
service_user8,"03f67f3f739263dc",2023-11-03,2023-11-03 12:39:21,66,604,,,1,0,,,,,,
service_user8,"03f67f3f739263dc",2023-11-03,2023-11-03 12:40:21,68,604,,,1,1,,,,,,
service_user8,"03f67f3f739263dc",2023-11-03,2023-11-03 12:41:21,65,611,,,1,0,,,,,,
service_user8,"03f67f3f739263dc",2023-11-03,2023-11-03 12:42:21,74,611,,,1,0,"0x0102030405060708090a","0x33000000000000000000",,-94,-95,
service_user8,"03f67f3f739263dc",2023-11-03,2023-11-03 12:43:21,84,616,,,0,0,,,,,,
service_user8,"03f67f3f739263dc",2023-11-03,2023-11-03 12:44:21,61,616,,,1,0,,,,,,
service_user8,"03f67f3f739263dc",2023-11-03,2023-11-03 12:45:21,70,616,,,1,0,,,,,,
service_user8,"03f67f3f739263dc",2023-11-03,2023-11-03 12:46:22,72,618,,,1,1,,,,,,
service_user8,"03f67f3f739263dc",2023-11-03,2023-11-03 12:47:22,82,654,,,1,1,,,,,,
service_user8,"03f67f3f739263dc",2023-11-03,2023-11-03 12:48:22,94,669,,,1,1,"0x33000000000000000000",,,-93,,
service_user8,"03f67f3f739263dc",2023-11-03,2023-11-03 12:49:22,104,703,,,1,1,,,,,,
service_user8,"03f67f3f739263dc",2023-11-03,2023-11-03 12:50:22,118,750,,,1,1,"0x32000000000000000000",,,-86,,
service_user8,"03f67f3f739263dc",2023-11-03,2023-11-03 12:51:22,105,784,,,1,1,"0x32000000000000000000","0x0102030405060708090a",,-72,-100,
service_user8,"03f67f3f739263dc",2023-11-03,2023-11-03 12:52:22,101,796,,,1,1,,,,,,
service_user8,"03f67f3f739263dc",2023-11-03,2023-11-03 12:53:22,87,802,,,1,1,"0x32000000000000000000",,,-70,,
service_user8,"03f67f3f739263dc",2023-11-03,2023-11-03 12:54:22,95,839,,,1,1,,,,,,
service_user8,"03f67f3f739263dc",2023-11-03,2023-11-03 12:55:23,83,840,,,1,0,,,,,,
service_user8,"03f67f3f739263dc",2023-11-03,2023-11-03 12:56:23,69,840,,,1,1,"0x32000000000000000000",,,-65,,
service_user8,"03f67f3f739263dc",2023-11-03,2023-11-03 12:57:23,67,840,,,1,0,,,,,,
service_user8,"03f67f3f739263dc",2023-11-03,2023-11-03 12:58:23,70,841,,,0,0,,,,,,
service_user8,"03f67f3f739263dc",2023-11-03,2023-11-03 12:59:23,70,841,,,1,0,,,,,,
service_user8,"03f67f3f739263dc",2023-11-03,2023-11-03 13:00:23,69,841,,,1,0,,,,,,
service_user8,"03f67f3f739263dc",2023-11-03,2023-11-03 13:01:23,64,841,,,1,0,,,,,,
service_user8,"03f67f3f739263dc",2023-11-03,2023-11-03 13:02:23,68,841,,,1,0,,,,,,
service_user8,"03f67f3f739263dc",2023-11-03,2023-11-03 13:03:23,67,841,,,1,0,,,,,,
service_user8,"03f67f3f739263dc",2023-11-03,2023-11-03 13:04:23,69,841,,,1,0,,,,,,
service_user8,"03f67f3f739263dc",2023-11-03,2023-11-03 13:05:24,68,841,,,0,0,,,,,,
service_user8,"03f67f3f739263dc",2023-11-03,2023-11-03 13:06:24,59,841,,,1,0,,,,,,
service_user8,"03f67f3f739263dc",2023-11-03,2023-11-03 13:07:24,69,841,,,0,0,,,,,,
service_user8,"03f67f3f739263dc",2023-11-03,2023-11-03 13:08:24,72,841,,,1,0,,,,,,
service_user8,"03f67f3f739263dc",2023-11-03,2023-11-03 13:09:24,73,841,,,1,0,,,,,,
service_user8,"03f67f3f739263dc",2023-11-03,2023-11-03 13:10:24,70,875,,,1,1,,,,,,
service_user8,"03f67f3f739263dc",2023-11-03,2023-11-03 13:11:24,71,903,,,1,1,,,,,,
service_user8,"03f67f3f739263dc",2023-11-03,2023-11-03 13:12:24,81,947,,,1,0,"0x32000000000000000000","0x0102030405060708090a",,-62,-98,
service_user8,"03f67f3f739263dc",2023-11-03,2023-11-03 13:13:24,83,947,,,1,0,,,,,,
service_user8,"03f67f3f739263dc",2023-11-03,2023-11-03 13:14:25,74,947,,,1,0,,,,,,
service_user8,"03f67f3f739263dc",2023-11-03,2023-11-03 13:15:25,82,947,,,1,0,,,,,,
service_user8,"03f67f3f739263dc",2023-11-03,2023-11-03 13:16:25,73,947,,,1,1,,,,,,
service_user8,"03f67f3f739263dc",2023-11-03,2023-11-03 13:17:25,68,947,,,1,0,,,,,,
service_user8,"03f67f3f739263dc",2023-11-03,2023-11-03 13:18:25,58,951,,,1,0,,,,,,
service_user8,"03f67f3f739263dc",2023-11-03,2023-11-03 13:19:25,58,952,,,1,0,,,,,,
service_user8,"03f67f3f739263dc",2023-11-03,2023-11-03 13:20:25,61,952,,,1,0,,,,,,
service_user8,"03f67f3f739263dc",2023-11-03,2023-11-03 13:21:25,59,952,,,1,1,,,,,,
service_user8,"03f67f3f739263dc",2023-11-03,2023-11-03 13:22:25,59,952,,,1,0,,,,,,
service_user8,"03f67f3f739263dc",2023-11-03,2023-11-03 13:23:25,60,952,,,1,1,,,,,,
service_user8,"03f67f3f739263dc",2023-11-03,2023-11-03 13:24:26,81,952,,,1,0,,,,,,
service_user8,"03f67f3f739263dc",2023-11-03,2023-11-03 13:25:26,76,961,,,1,1,,,,,,
service_user8,"03f67f3f739263dc",2023-11-03,2023-11-03 13:26:26,95,970,,,1,0,,,,,,
service_user8,"03f67f3f739263dc",2023-11-03,2023-11-03 13:27:26,97,973,,,1,0,,,,,,
service_user8,"03f67f3f739263dc",2023-11-03,2023-11-03 13:28:26,124,998,,,1,0,,,,,,
service_user8,"03f67f3f739263dc",2023-11-03,2023-11-03 13:29:26,130,999,,,1,0,,,,,,
service_user8,"03f67f3f739263dc",2023-11-03,2023-11-03 13:30:26,130,999,,,1,0,,,,,,
service_user8,"03f67f3f739263dc",2023-11-03,2023-11-03 13:31:26,138,999,,,1,0,,,,,,
service_user8,"03f67f3f739263dc",2023-11-03,2023-11-03 13:32:27,127,1000,,,1,0,,,,,,
service_user8,"03f67f3f739263dc",2023-11-03,2023-11-03 13:33:27,99,1007,,,1,1,,,,,,
service_user8,"03f67f3f739263dc",2023-11-03,2023-11-03 13:34:27,78,1007,,,1,0,,,,,,
service_user8,"03f67f3f739263dc",2023-11-03,2023-11-03 13:35:27,85,1009,,,1,0,,,,,,
service_user8,"03f67f3f739263dc",2023-11-03,2023-11-03 13:36:27,86,1009,,,1,0,,,,,,
service_user8,"03f67f3f739263dc",2023-11-03,2023-11-03 13:37:27,87,1019,,,1,0,,,,,,
service_user8,"03f67f3f739263dc",2023-11-03,2023-11-03 13:38:27,101,1019,,,1,0,,,,,,
service_user8,"03f67f3f739263dc",2023-11-03,2023-11-03 13:39:27,88,1019,,,1,0,,,,,,
service_user8,"03f67f3f739263dc",2023-11-03,2023-11-03 13:40:27,74,1019,,,1,0,,,,,,
service_user8,"03f67f3f739263dc",2023-11-03,2023-11-03 13:41:28,63,1019,,,1,0,,,,,,
service_user8,"03f67f3f739263dc",2023-11-03,2023-11-03 13:42:28,65,1019,,,1,0,,,,,,
service_user8,"03f67f3f739263dc",2023-11-03,2023-11-03 13:43:28,67,1019,,,1,0,,,,,,
service_user8,"03f67f3f739263dc",2023-11-03,2023-11-03 13:44:28,90,1019,,,1,0,,,,,,
service_user8,"03f67f3f739263dc",2023-11-03,2023-11-03 13:45:28,93,1019,,,1,0,,,,,,
service_user8,"03f67f3f739263dc",2023-11-03,2023-11-03 13:46:28,73,1019,,,1,0,,,,,,
service_user8,"03f67f3f739263dc",2023-11-03,2023-11-03 13:47:28,68,1019,,,1,1,,,,,,
service_user8,"03f67f3f739263dc",2023-11-03,2023-11-03 13:48:28,72,1019,,,1,0,,,,,,
service_user8,"03f67f3f739263dc",2023-11-03,2023-11-03 13:49:29,63,1019,,,1,0,,,,,,
service_user8,"03f67f3f739263dc",2023-11-03,2023-11-03 13:50:29,67,1019,,,1,0,,,,,,
service_user8,"03f67f3f739263dc",2023-11-03,2023-11-03 13:51:29,66,1019,,,1,0,,,,,,
service_user8,"03f67f3f739263dc",2023-11-03,2023-11-03 13:52:29,65,1019,,,1,1,,,,,,
service_user8,"03f67f3f739263dc",2023-11-03,2023-11-03 13:53:29,70,1019,,,1,1,,,,,,
service_user8,"03f67f3f739263dc",2023-11-03,2023-11-03 13:54:29,77,1019,,,1,0,,,,,,
service_user8,"03f67f3f739263dc",2023-11-03,2023-11-03 13:55:29,71,1023,,,1,0,,,,,,
service_user8,"03f67f3f739263dc",2023-11-03,2023-11-03 13:56:30,82,1029,,,1,0,,,,,,
service_user8,"03f67f3f739263dc",2023-11-03,2023-11-03 13:57:30,85,1049,,,1,0,,,,,,
service_user8,"03f67f3f739263dc",2023-11-03,2023-11-03 13:58:30,79,1049,,,1,0,,,,,,
service_user8,"03f67f3f739263dc",2023-11-03,2023-11-03 13:59:30,80,1049,,,1,1,,,,,,
service_user8,"03f67f3f739263dc",2023-11-03,2023-11-03 14:00:30,82,1049,,,1,0,,,,,,
service_user8,"03f67f3f739263dc",2023-11-03,2023-11-03 14:01:30,82,1049,,,1,0,,,,,,
service_user8,"03f67f3f739263dc",2023-11-03,2023-11-03 14:02:30,87,1049,,,1,0,,,,,,
service_user8,"03f67f3f739263dc",2023-11-03,2023-11-03 14:03:30,79,1049,,,1,0,,,,,,
service_user8,"03f67f3f739263dc",2023-11-03,2023-11-03 14:04:30,77,1051,,,1,0,,,,,,
service_user8,"03f67f3f739263dc",2023-11-03,2023-11-03 14:05:30,69,1051,,,1,0,,,,,,
service_user8,"03f67f3f739263dc",2023-11-03,2023-11-03 14:06:31,72,1051,,,1,0,,,,,,
service_user8,"03f67f3f739263dc",2023-11-03,2023-11-03 14:07:31,72,1052,,,1,0,,,,,,
service_user8,"03f67f3f739263dc",2023-11-03,2023-11-03 14:08:31,78,1053,,,1,0,,,,,,
service_user8,"03f67f3f739263dc",2023-11-03,2023-11-03 14:09:31,79,1054,,,1,0,,,,,,
service_user8,"03f67f3f739263dc",2023-11-03,2023-11-03 14:10:31,79,1054,,,1,0,,,,,,
service_user8,"03f67f3f739263dc",2023-11-03,2023-11-03 14:11:31,95,1057,,,1,0,,,,,,
service_user8,"03f67f3f739263dc",2023-11-03,2023-11-03 14:12:31,97,1059,,,1,0,,,,,,
service_user8,"03f67f3f739263dc",2023-11-03,2023-11-03 14:13:31,85,1060,,,1,0,,,,,,
service_user8,"03f67f3f739263dc",2023-11-03,2023-11-03 14:14:31,88,1060,,,1,1,,,,,,
service_user8,"03f67f3f739263dc",2023-11-03,2023-11-03 14:15:32,77,1060,,,1,0,,,,,,
service_user8,"03f67f3f739263dc",2023-11-03,2023-11-03 14:16:32,84,1060,,,1,0,,,,,,
service_user8,"03f67f3f739263dc",2023-11-03,2023-11-03 14:17:32,81,1060,,,1,1,,,,,,
service_user8,"03f67f3f739263dc",2023-11-03,2023-11-03 14:18:32,75,1060,,,1,0,,,,,,
service_user8,"03f67f3f739263dc",2023-11-03,2023-11-03 14:19:32,64,1061,,,1,0,,,,,,
service_user8,"03f67f3f739263dc",2023-11-03,2023-11-03 14:20:32,65,1063,,,1,0,,,,,,
service_user8,"03f67f3f739263dc",2023-11-03,2023-11-03 14:21:32,67,1063,,,1,0,,,,,,
service_user8,"03f67f3f739263dc",2023-11-03,2023-11-03 14:22:32,88,1066,,,1,0,,,,,,
service_user8,"03f67f3f739263dc",2023-11-03,2023-11-03 14:23:32,72,1067,,,1,1,,,,,,
service_user8,"03f67f3f739263dc",2023-11-03,2023-11-03 14:24:33,55,1100,,,1,1,,,,,,
service_user8,"03f67f3f739263dc",2023-11-03,2023-11-03 14:25:33,75,1107,,,1,1,,,,,,
service_user8,"03f67f3f739263dc",2023-11-03,2023-11-03 14:26:33,88,1107,,,1,1,,,,,,
service_user8,"03f67f3f739263dc",2023-11-03,2023-11-03 14:27:33,84,1109,,,1,0,,,,,,
service_user8,"03f67f3f739263dc",2023-11-03,2023-11-03 14:28:33,90,1112,,,1,1,,,,,,
service_user8,"03f67f3f739263dc",2023-11-03,2023-11-03 14:29:33,83,1124,,,1,1,,,,,,
service_user8,"03f67f3f739263dc",2023-11-03,2023-11-03 14:30:33,77,1124,,,1,0,,,,,,
service_user8,"03f67f3f739263dc",2023-11-03,2023-11-03 14:31:33,65,1124,,,1,0,,,,,,
service_user8,"03f67f3f739263dc",2023-11-03,2023-11-03 14:32:33,76,1124,,,1,0,,,,,,
service_user8,"03f67f3f739263dc",2023-11-03,2023-11-03 14:33:34,76,1124,,,1,0,,,,,,
service_user8,"03f67f3f739263dc",2023-11-03,2023-11-03 14:34:34,76,1124,,,1,1,,,,,,
service_user8,"03f67f3f739263dc",2023-11-03,2023-11-03 14:35:34,81,1124,,,1,0,"0x33000000000000000000",,,-96,,
service_user8,"03f67f3f739263dc",2023-11-03,2023-11-03 14:36:34,84,1124,,,1,0,,,,,,
service_user8,"03f67f3f739263dc",2023-11-03,2023-11-03 14:37:34,89,1124,,,1,0,,,,,,
service_user8,"03f67f3f739263dc",2023-11-03,2023-11-03 14:38:34,78,1125,,,1,0,,,,,,
service_user8,"03f67f3f739263dc",2023-11-03,2023-11-03 14:39:34,78,1125,,,1,0,,,,,,
service_user8,"03f67f3f739263dc",2023-11-03,2023-11-03 14:40:34,67,1125,,,1,0,,,,,,
service_user8,"03f67f3f739263dc",2023-11-03,2023-11-03 14:41:34,76,1125,,,1,0,,,,,,
service_user8,"03f67f3f739263dc",2023-11-03,2023-11-03 14:42:34,83,1125,,,1,0,"0x33000000000000000000",,,-94,,
service_user8,"03f67f3f739263dc",2023-11-03,2023-11-03 14:43:35,76,1125,,,1,0,,,,,,
service_user8,"03f67f3f739263dc",2023-11-03,2023-11-03 14:44:35,74,1125,,,1,0,,,,,,
service_user8,"03f67f3f739263dc",2023-11-03,2023-11-03 14:45:35,72,1125,,,1,1,,,,,,
service_user8,"03f67f3f739263dc",2023-11-03,2023-11-03 14:46:35,79,1125,,,1,1,,,,,,
service_user8,"03f67f3f739263dc",2023-11-03,2023-11-03 14:47:35,73,1125,,,1,1,,,,,,
service_user8,"03f67f3f739263dc",2023-11-03,2023-11-03 14:48:35,60,1125,,,1,1,"0x33000000000000000000",,,-94,,
service_user8,"03f67f3f739263dc",2023-11-03,2023-11-03 14:49:35,67,1126,,,1,1,,,,,,
service_user8,"03f67f3f739263dc",2023-11-03,2023-11-03 14:50:35,71,1128,,,1,0,,,,,,
service_user8,"03f67f3f739263dc",2023-11-03,2023-11-03 14:51:35,82,1128,,,1,0,,,,,,
service_user8,"03f67f3f739263dc",2023-11-03,2023-11-03 14:52:36,71,1128,,,1,0,,,,,,
service_user8,"03f67f3f739263dc",2023-11-03,2023-11-03 14:53:36,71,1128,,,1,0,,,,,,
service_user8,"03f67f3f739263dc",2023-11-03,2023-11-03 14:54:36,70,1128,,,1,0,,,,,,
service_user8,"03f67f3f739263dc",2023-11-03,2023-11-03 14:55:36,73,1129,,,1,0,,,,,,
service_user8,"03f67f3f739263dc",2023-11-03,2023-11-03 14:56:36,75,1129,,,1,0,,,,,,
service_user8,"03f67f3f739263dc",2023-11-03,2023-11-03 14:57:36,74,1129,,,1,0,,,,,,
service_user8,"03f67f3f739263dc",2023-11-03,2023-11-03 14:58:36,65,1129,,,1,1,,,,,,
service_user8,"03f67f3f739263dc",2023-11-03,2023-11-03 14:59:36,82,1129,,,1,0,,,,,,
service_user8,"03f67f3f739263dc",2023-11-03,2023-11-03 15:00:36,75,1129,,,1,0,,,,,,
service_user8,"03f67f3f739263dc",2023-11-03,2023-11-03 15:01:37,74,1129,,,1,0,,,,,,
service_user8,"03f67f3f739263dc",2023-11-03,2023-11-03 15:02:37,82,1132,,,1,0,,,,,,
service_user8,"03f67f3f739263dc",2023-11-03,2023-11-03 15:03:37,81,1134,,,1,1,"0x33000000000000000000",,,-95,,
service_user8,"03f67f3f739263dc",2023-11-03,2023-11-03 15:04:37,75,1134,,,1,0,"0x33000000000000000000",,,-99,,
service_user8,"03f67f3f739263dc",2023-11-03,2023-11-03 15:05:37,71,1134,,,1,0,,,,,,
service_user8,"03f67f3f739263dc",2023-11-03,2023-11-03 15:06:37,62,1134,,,1,0,"0x33000000000000000000",,,-93,,
service_user8,"03f67f3f739263dc",2023-11-03,2023-11-03 15:07:37,64,1134,,,1,0,,,,,,
service_user8,"03f67f3f739263dc",2023-11-03,2023-11-03 15:08:37,73,1134,,,1,0,,,,,,
service_user8,"03f67f3f739263dc",2023-11-03,2023-11-03 15:09:37,72,1134,,,1,1,,,,,,
service_user8,"03f67f3f739263dc",2023-11-03,2023-11-03 15:10:37,76,1134,,,1,0,,,,,,
service_user8,"03f67f3f739263dc",2023-11-03,2023-11-03 15:11:38,71,1134,,,1,0,,,,,,
service_user8,"03f67f3f739263dc",2023-11-03,2023-11-03 15:12:38,81,1136,,,1,0,,,,,,
service_user8,"03f67f3f739263dc",2023-11-03,2023-11-03 15:13:38,71,1136,,,1,0,,,,,,
service_user8,"03f67f3f739263dc",2023-11-03,2023-11-03 15:14:38,81,1138,,,1,0,,,,,,
service_user8,"03f67f3f739263dc",2023-11-03,2023-11-03 15:15:38,79,1138,,,1,0,,,,,,
service_user8,"03f67f3f739263dc",2023-11-03,2023-11-03 15:16:38,80,1138,,,1,0,,,,,,
service_user8,"03f67f3f739263dc",2023-11-03,2023-11-03 15:17:38,79,1144,,,1,1,,,,,,
service_user8,"03f67f3f739263dc",2023-11-03,2023-11-03 15:18:38,94,1154,,,1,0,,,,,,
service_user8,"03f67f3f739263dc",2023-11-03,2023-11-03 15:19:38,71,1154,,,1,0,,,,,,
service_user8,"03f67f3f739263dc",2023-11-03,2023-11-03 15:20:39,77,1157,,,1,0,,,,,,
service_user8,"03f67f3f739263dc",2023-11-03,2023-11-03 15:21:39,70,1157,,,1,0,,,,,,
service_user8,"03f67f3f739263dc",2023-11-03,2023-11-03 15:22:39,74,1157,,,1,0,,,,,,
service_user8,"03f67f3f739263dc",2023-11-03,2023-11-03 15:23:39,79,1158,,,1,1,,,,,,
service_user8,"03f67f3f739263dc",2023-11-03,2023-11-03 15:24:39,78,1161,,,1,1,,,,,,
service_user8,"03f67f3f739263dc",2023-11-03,2023-11-03 15:25:39,77,1165,,,1,0,,,,,,
service_user8,"03f67f3f739263dc",2023-11-03,2023-11-03 15:26:39,80,1165,,,1,0,"0x33000000000000000000",,,-92,,
service_user8,"03f67f3f739263dc",2023-11-03,2023-11-03 15:27:39,78,1165,,,1,0,,,,,,
service_user8,"03f67f3f739263dc",2023-11-03,2023-11-03 15:28:39,68,1173,,,1,0,,,,,,
service_user8,"03f67f3f739263dc",2023-11-03,2023-11-03 15:29:40,72,1173,,,1,0,,,,,,
service_user8,"03f67f3f739263dc",2023-11-03,2023-11-03 15:30:40,75,1173,,,1,0,,,,,,
service_user8,"03f67f3f739263dc",2023-11-03,2023-11-03 15:31:40,87,1174,,,1,0,,,,,,
service_user8,"03f67f3f739263dc",2023-11-03,2023-11-03 15:32:40,72,1174,,,1,1,,,,,,
service_user8,"03f67f3f739263dc",2023-11-03,2023-11-03 15:33:40,77,1174,,,1,0,,,,,,
service_user8,"03f67f3f739263dc",2023-11-03,2023-11-03 15:34:40,77,1174,,,1,0,,,,,,
service_user8,"03f67f3f739263dc",2023-11-03,2023-11-03 15:35:40,77,1174,,,1,0,,,,,,
service_user8,"03f67f3f739263dc",2023-11-03,2023-11-03 15:36:40,76,1174,,,1,0,,,,,,
service_user8,"03f67f3f739263dc",2023-11-03,2023-11-03 15:37:40,75,1174,,,1,0,,,,,,
service_user8,"03f67f3f739263dc",2023-11-03,2023-11-03 15:38:40,66,1174,,,1,0,,,,,,
service_user8,"03f67f3f739263dc",2023-11-03,2023-11-03 15:39:41,71,1174,,,1,0,,,,,,
service_user8,"03f67f3f739263dc",2023-11-03,2023-11-03 15:40:41,69,1174,,,1,0,,,,,,
service_user8,"03f67f3f739263dc",2023-11-03,2023-11-03 15:41:41,64,1174,,,1,0,,,,,,
service_user8,"03f67f3f739263dc",2023-11-03,2023-11-03 15:42:41,67,1174,,,1,1,,,,,,
service_user8,"03f67f3f739263dc",2023-11-03,2023-11-03 15:43:41,70,1174,,,1,0,,,,,,
service_user8,"03f67f3f739263dc",2023-11-03,2023-11-03 15:44:41,69,1174,,,1,0,,,,,,
service_user8,"03f67f3f739263dc",2023-11-03,2023-11-03 15:45:41,80,1174,,,1,0,,,,,,
service_user8,"03f67f3f739263dc",2023-11-03,2023-11-03 15:46:41,73,1174,,,1,1,,,,,,
service_user8,"03f67f3f739263dc",2023-11-03,2023-11-03 15:47:41,75,1174,,,1,0,,,,,,
service_user8,"03f67f3f739263dc",2023-11-03,2023-11-03 15:48:42,79,1174,,,1,0,"0x33000000000000000000",,,-93,,
service_user8,"03f67f3f739263dc",2023-11-03,2023-11-03 15:49:42,76,1174,,,1,1,"0x33000000000000000000",,,-96,,
service_user8,"03f67f3f739263dc",2023-11-03,2023-11-03 15:50:42,79,1175,,,1,0,,,,,,
service_user8,"03f67f3f739263dc",2023-11-03,2023-11-03 15:51:42,80,1175,,,1,0,"0x0102030405060708090a",,,-95,,
service_user8,"03f67f3f739263dc",2023-11-03,2023-11-03 15:52:42,82,1177,,,1,0,,,,,,
service_user8,"03f67f3f739263dc",2023-11-03,2023-11-03 15:53:42,86,1187,,,1,1,,,,,,
service_user8,"03f67f3f739263dc",2023-11-03,2023-11-03 15:54:42,85,1187,,,1,0,,,,,,
service_user8,"03f67f3f739263dc",2023-11-03,2023-11-03 15:55:42,91,1191,,,1,1,,,,,,
service_user8,"03f67f3f739263dc",2023-11-03,2023-11-03 15:56:42,92,1203,,,1,1,,,,,,
service_user8,"03f67f3f739263dc",2023-11-03,2023-11-03 15:57:42,84,1208,,,1,0,,,,,,
service_user8,"03f67f3f739263dc",2023-11-03,2023-11-03 15:58:42,84,1245,,,1,0,,,,,,
service_user8,"03f67f3f739263dc",2023-11-03,2023-11-03 15:59:42,91,1252,,,1,1,,,,,,
service_user8,"03f67f3f739263dc",2023-11-03,2023-11-03 16:00:43,87,1294,,,1,0,,,,,,
service_user8,"03f67f3f739263dc",2023-11-03,2023-11-03 16:01:43,93,1300,,,1,0,,,,,,
service_user8,"03f67f3f739263dc",2023-11-03,2023-11-03 16:02:43,80,1311,,,1,0,,,,,,
service_user8,"03f67f3f739263dc",2023-11-03,2023-11-03 16:03:43,72,1311,,,1,0,,,,,,
service_user8,"03f67f3f739263dc",2023-11-03,2023-11-03 16:04:43,76,1311,,,1,0,,,,,,
service_user8,"03f67f3f739263dc",2023-11-03,2023-11-03 16:05:43,73,1311,,,1,0,,,,,,
service_user8,"03f67f3f739263dc",2023-11-03,2023-11-03 16:06:43,71,1311,,,1,0,,,,,,
service_user8,"03f67f3f739263dc",2023-11-03,2023-11-03 16:07:43,67,1311,,,1,0,,,,,,
service_user8,"03f67f3f739263dc",2023-11-03,2023-11-03 16:08:43,70,1311,,,1,1,,,,,,
service_user8,"03f67f3f739263dc",2023-11-03,2023-11-03 16:09:44,71,1311,,,1,0,,,,,,
service_user8,"03f67f3f739263dc",2023-11-03,2023-11-03 16:10:44,77,1311,,,1,0,,,,,,
service_user8,"03f67f3f739263dc",2023-11-03,2023-11-03 16:11:44,70,1311,,,1,0,,,,,,
service_user8,"03f67f3f739263dc",2023-11-03,2023-11-03 16:12:44,72,1312,,,1,1,,,,,,
service_user8,"03f67f3f739263dc",2023-11-03,2023-11-03 16:13:44,75,1312,,,1,0,,,,,,
service_user8,"03f67f3f739263dc",2023-11-03,2023-11-03 16:14:44,71,1313,,,1,0,,,,,,
service_user8,"03f67f3f739263dc",2023-11-03,2023-11-03 16:15:44,75,1313,,,1,0,,,,,,
service_user8,"03f67f3f739263dc",2023-11-03,2023-11-03 16:16:44,61,1313,,,1,1,,,,,,
service_user8,"03f67f3f739263dc",2023-11-03,2023-11-03 16:17:44,77,1314,,,1,0,,,,,,
service_user8,"03f67f3f739263dc",2023-11-03,2023-11-03 16:18:45,76,1314,,,1,1,,,,,,
service_user8,"03f67f3f739263dc",2023-11-03,2023-11-03 16:19:45,76,1314,,,1,0,,,,,,
service_user8,"03f67f3f739263dc",2023-11-03,2023-11-03 16:20:45,80,1316,,,1,0,,,,,,
service_user8,"03f67f3f739263dc",2023-11-03,2023-11-03 16:21:45,77,1316,,,1,0,,,,,,
service_user8,"03f67f3f739263dc",2023-11-03,2023-11-03 16:22:45,81,1316,,,1,0,,,,,,
service_user8,"03f67f3f739263dc",2023-11-03,2023-11-03 16:23:45,86,1337,,,1,0,,,,,,
service_user8,"03f67f3f739263dc",2023-11-03,2023-11-03 16:24:45,88,1378,,,1,1,,,,,,
service_user8,"03f67f3f739263dc",2023-11-03,2023-11-03 16:25:45,85,1430,,,1,1,"0x33000000000000000000","0x0102030405060708090a",,-97,-99,
service_user8,"03f67f3f739263dc",2023-11-03,2023-11-03 16:26:45,96,1480,,,1,1,"0x0102030405060708090a","0x33000000000000000000",,-85,-99,
service_user8,"03f67f3f739263dc",2023-11-03,2023-11-03 16:27:45,98,1556,,,1,1,"0x0102030405060708090a","0x33000000000000000000",,-76,-79,
service_user8,"03f67f3f739263dc",2023-11-03,2023-11-03 16:28:46,81,1564,,,1,0,"0x33000000000000000000","0x0102030405060708090a",,-84,-92,
service_user8,"03f67f3f739263dc",2023-11-03,2023-11-03 16:29:46,80,1598,,,1,0,"0x0102030405060708090a","0x33000000000000000000",,-83,-86,
service_user8,"03f67f3f739263dc",2023-11-03,2023-11-03 16:30:46,70,1600,,,1,1,"0x33000000000000000000","0x0102030405060708090a",,-80,-88,
service_user8,"03f67f3f739263dc",2023-11-03,2023-11-03 16:31:46,64,1601,,,1,0,"0x33000000000000000000","0x0102030405060708090a",,-83,-86,
service_user8,"03f67f3f739263dc",2023-11-03,2023-11-03 16:32:46,69,1602,,,1,0,"0x33000000000000000000","0x0102030405060708090a",,-82,-83,
service_user8,"03f67f3f739263dc",2023-11-03,2023-11-03 16:33:46,78,1602,,,1,0,"0x0102030405060708090a","0x33000000000000000000",,-92,-93,
service_user8,"03f67f3f739263dc",2023-11-03,2023-11-03 16:34:46,68,1602,,,1,1,"0x33000000000000000000","0x0102030405060708090a",,-82,-95,
service_user8,"03f67f3f739263dc",2023-11-03,2023-11-03 16:35:46,67,1602,,,1,0,"0x33000000000000000000","0x0102030405060708090a",,-87,-91,
service_user8,"03f67f3f739263dc",2023-11-03,2023-11-03 16:36:46,67,1602,,,1,0,"0x0102030405060708090a","0x33000000000000000000",,-81,-83,
service_user8,"03f67f3f739263dc",2023-11-03,2023-11-03 16:37:46,71,1602,,,1,0,"0x33000000000000000000","0x0102030405060708090a",,-80,-91,
service_user8,"03f67f3f739263dc",2023-11-03,2023-11-03 16:38:46,73,1602,,,1,0,"0x0102030405060708090a","0x33000000000000000000",,-81,-86,
service_user8,"03f67f3f739263dc",2023-11-03,2023-11-03 16:39:46,73,1602,,,1,0,"0x33000000000000000000","0x0102030405060708090a",,-83,-87,
service_user8,"03f67f3f739263dc",2023-11-03,2023-11-03 16:40:47,74,1602,,,1,1,"0x33000000000000000000","0x0102030405060708090a",,-79,-80,
service_user8,"03f67f3f739263dc",2023-11-03,2023-11-03 16:41:47,76,1602,,,1,0,"0x33000000000000000000","0x0102030405060708090a",,-70,-88,
service_user8,"03f67f3f739263dc",2023-11-03,2023-11-03 16:42:47,65,1602,,,1,0,,,,,,
service_user8,"03f67f3f739263dc",2023-11-03,2023-11-03 16:43:47,62,1602,,,1,0,"0x33000000000000000000","0x0102030405060708090a",,-75,-79,
service_user8,"03f67f3f739263dc",2023-11-03,2023-11-03 16:44:47,75,1606,,,0,0,,,,,,
service_user8,"03f67f3f739263dc",2023-11-03,2023-11-03 16:45:47,67,1606,,,1,1,"0x33000000000000000000","0x0102030405060708090a",,-78,-82,
service_user8,"03f67f3f739263dc",2023-11-03,2023-11-03 16:46:47,87,1608,,,1,0,"0x0102030405060708090a","0x33000000000000000000",,-78,-80,
service_user8,"03f67f3f739263dc",2023-11-03,2023-11-03 16:47:47,76,1608,,,1,1,"0x0102030405060708090a","0x33000000000000000000",,-86,-87,
service_user8,"03f67f3f739263dc",2023-11-03,2023-11-03 16:48:47,91,1608,,,1,0,"0x0102030405060708090a","0x33000000000000000000",,-78,-81,
service_user8,"03f67f3f739263dc",2023-11-03,2023-11-03 16:49:47,66,1608,,,1,0,"0x0102030405060708090a","0x33000000000000000000",,-83,-86,
service_user8,"03f67f3f739263dc",2023-11-03,2023-11-03 16:50:47,76,1608,,,1,0,"0x0102030405060708090a","0x33000000000000000000",,-84,-89,
service_user8,"03f67f3f739263dc",2023-11-03,2023-11-03 16:51:47,82,1608,,,1,0,"0x0102030405060708090a","0x33000000000000000000",,-82,-90,
service_user8,"03f67f3f739263dc",2023-11-03,2023-11-03 16:52:47,66,1608,,,1,1,"0x0102030405060708090a","0x33000000000000000000",,-80,-85,
service_user8,"03f67f3f739263dc",2023-11-03,2023-11-03 16:53:47,77,1608,,,1,0,"0x0102030405060708090a","0x33000000000000000000",,-92,-96,
service_user8,"03f67f3f739263dc",2023-11-03,2023-11-03 16:54:47,88,1609,,,1,0,,,,,,
service_user8,"03f67f3f739263dc",2023-11-03,2023-11-03 16:55:48,74,1609,,,1,0,,,,,,
service_user8,"03f67f3f739263dc",2023-11-03,2023-11-03 16:56:48,74,1609,,,1,0,,,,,,
service_user8,"03f67f3f739263dc",2023-11-03,2023-11-03 16:57:48,76,1609,,,0,0,,,,,,
service_user8,"03f67f3f739263dc",2023-11-03,2023-11-03 16:58:48,74,1609,,,1,1,,,,,,
service_user8,"03f67f3f739263dc",2023-11-03,2023-11-03 16:59:48,89,1609,,,1,0,,,,,,
service_user8,"03f67f3f739263dc",2023-11-03,2023-11-03 17:00:48,72,1609,,,1,0,,,,,,
service_user8,"03f67f3f739263dc",2023-11-03,2023-11-03 17:01:48,75,1609,,,1,1,,,,,,
service_user8,"03f67f3f739263dc",2023-11-03,2023-11-03 17:02:48,79,1609,,,1,1,"0x0102030405060708090a","0x33000000000000000000",,-79,-81,
service_user8,"03f67f3f739263dc",2023-11-03,2023-11-03 17:03:48,78,1642,,,1,0,"0x0102030405060708090a","0x33000000000000000000",,-85,-94,
service_user8,"03f67f3f739263dc",2023-11-03,2023-11-03 17:04:49,73,1642,,,1,0,"0x33000000000000000000","0x0102030405060708090a",,-70,-83,
service_user8,"03f67f3f739263dc",2023-11-03,2023-11-03 17:05:49,106,1679,,,1,0,"0x0102030405060708090a","0x33000000000000000000",,-75,-82,
service_user8,"03f67f3f739263dc",2023-11-03,2023-11-03 17:06:49,81,1688,,,1,1,,,,,,
service_user8,"03f67f3f739263dc",2023-11-03,2023-11-03 17:07:49,79,1699,,,1,1,,,,,,
service_user8,"03f67f3f739263dc",2023-11-03,2023-11-03 17:08:49,73,1702,,,1,0,,,,,,
service_user8,"03f67f3f739263dc",2023-11-03,2023-11-03 17:09:49,73,1702,,,1,0,,,,,,
service_user8,"03f67f3f739263dc",2023-11-03,2023-11-03 17:10:49,73,1702,,,1,1,,,,,,
service_user8,"03f67f3f739263dc",2023-11-03,2023-11-03 17:11:49,67,1703,,,1,0,,,,,,
service_user8,"03f67f3f739263dc",2023-11-03,2023-11-03 17:12:49,73,1703,,,1,0,,,,,,
service_user8,"03f67f3f739263dc",2023-11-03,2023-11-03 17:13:50,80,1703,,,1,0,,,,,,
service_user8,"03f67f3f739263dc",2023-11-03,2023-11-03 17:14:50,84,1722,,,1,0,,,,,,
service_user8,"03f67f3f739263dc",2023-11-03,2023-11-03 17:15:50,86,1741,,,1,0,,,,,,
service_user8,"03f67f3f739263dc",2023-11-03,2023-11-03 17:16:50,75,1741,,,1,0,,,,,,
service_user8,"03f67f3f739263dc",2023-11-03,2023-11-03 17:17:50,73,1741,,,1,0,,,,,,
service_user8,"03f67f3f739263dc",2023-11-03,2023-11-03 17:18:50,89,1755,,,1,1,,,,,,
service_user8,"03f67f3f739263dc",2023-11-03,2023-11-03 17:19:50,86,1786,,,1,0,,,,,,
service_user8,"03f67f3f739263dc",2023-11-03,2023-11-03 17:20:50,95,1840,,,1,1,,,,,,
service_user8,"03f67f3f739263dc",2023-11-03,2023-11-03 17:21:50,89,1844,,,1,0,,,,,,
service_user8,"03f67f3f739263dc",2023-11-03,2023-11-03 17:22:50,91,1845,,,1,0,,,,,,
service_user8,"03f67f3f739263dc",2023-11-03,2023-11-03 17:23:51,82,1845,,,1,0,,,,,,
service_user8,"03f67f3f739263dc",2023-11-03,2023-11-03 17:24:51,82,1845,,,1,0,,,,,,
service_user8,"03f67f3f739263dc",2023-11-03,2023-11-03 17:25:51,83,1847,,,1,0,,,,,,
service_user8,"03f67f3f739263dc",2023-11-03,2023-11-03 17:26:51,76,1847,,,1,0,,,,,,
service_user8,"03f67f3f739263dc",2023-11-03,2023-11-03 17:27:51,79,1847,,,1,0,,,,,,
service_user8,"03f67f3f739263dc",2023-11-03,2023-11-03 17:28:51,78,1847,,,1,0,,,,,,
service_user8,"03f67f3f739263dc",2023-11-03,2023-11-03 17:29:51,72,1848,,,1,1,,,,,,
service_user8,"03f67f3f739263dc",2023-11-03,2023-11-03 17:30:51,76,1855,,,1,0,,,,,,
service_user8,"03f67f3f739263dc",2023-11-03,2023-11-03 17:31:51,77,1856,,,1,1,,,,,,
service_user8,"03f67f3f739263dc",2023-11-03,2023-11-03 17:32:52,73,1856,,,1,0,,,,,,
service_user8,"03f67f3f739263dc",2023-11-03,2023-11-03 17:33:52,78,1856,,,1,1,,,,,,
service_user8,"03f67f3f739263dc",2023-11-03,2023-11-03 17:34:52,77,1857,,,1,0,,,,,,
service_user8,"03f67f3f739263dc",2023-11-03,2023-11-03 17:35:52,76,1857,,,1,1,,,,,,
service_user8,"03f67f3f739263dc",2023-11-03,2023-11-03 17:36:52,89,1857,,,1,1,,,,,,
service_user8,"03f67f3f739263dc",2023-11-03,2023-11-03 17:37:52,82,1857,,,1,0,,,,,,
service_user8,"03f67f3f739263dc",2023-11-03,2023-11-03 17:38:52,80,1873,,,1,0,,,,,,
service_user8,"03f67f3f739263dc",2023-11-03,2023-11-03 17:39:52,84,1873,,,1,0,,,,,,
service_user8,"03f67f3f739263dc",2023-11-03,2023-11-03 17:40:52,82,1907,,,1,1,"0x33000000000000000000","0x0102030405060708090a","0x32000000000000000000",-80,-87,-92
service_user8,"03f67f3f739263dc",2023-11-03,2023-11-03 17:41:52,95,1921,,,1,0,"0x33000000000000000000","0x0102030405060708090a","0x32000000000000000000",-86,-87,-91
service_user8,"03f67f3f739263dc",2023-11-03,2023-11-03 17:42:53,107,1921,,,1,1,"0x0102030405060708090a","0x33000000000000000000","0x32000000000000000000",-82,-83,-85
service_user8,"03f67f3f739263dc",2023-11-03,2023-11-03 17:43:53,85,1921,,,1,0,"0x32000000000000000000","0x0102030405060708090a","0x33000000000000000000",-84,-90,-96
service_user8,"03f67f3f739263dc",2023-11-03,2023-11-03 17:44:53,90,1921,,,1,1,"0x0102030405060708090a","0x33000000000000000000","0x32000000000000000000",-83,-84,-86
service_user8,"03f67f3f739263dc",2023-11-03,2023-11-03 17:45:53,82,1932,,,1,1,"0x33000000000000000000","0x32000000000000000000","0x0102030405060708090a",-83,-86,-91
service_user8,"03f67f3f739263dc",2023-11-03,2023-11-03 17:46:53,65,1932,,,0,0,"0x0102030405060708090a","0x32000000000000000000","0x33000000000000000000",-85,-86,-92
service_user8,"03f67f3f739263dc",2023-11-03,2023-11-03 17:47:53,67,1932,,,0,0,"0x33000000000000000000","0x0102030405060708090a","0x32000000000000000000",-80,-87,-87
service_user8,"03f67f3f739263dc",2023-11-03,2023-11-03 17:48:53,70,1932,,,1,0,"0x32000000000000000000","0x33000000000000000000","0x0102030405060708090a",-81,-83,-89
service_user8,"03f67f3f739263dc",2023-11-03,2023-11-03 17:49:53,73,1932,,,1,0,"0x32000000000000000000","0x33000000000000000000","0x0102030405060708090a",-85,-88,-92
service_user8,"03f67f3f739263dc",2023-11-03,2023-11-03 17:50:53,68,1932,,,1,0,"0x32000000000000000000","0x33000000000000000000","0x0102030405060708090a",-79,-87,-90
service_user8,"03f67f3f739263dc",2023-11-03,2023-11-03 17:51:53,67,1932,,,0,0,"0x32000000000000000000","0x33000000000000000000","0x0102030405060708090a",-84,-90,-95
service_user8,"03f67f3f739263dc",2023-11-03,2023-11-03 17:52:53,72,1932,,,1,1,"0x33000000000000000000","0x0102030405060708090a","0x32000000000000000000",-83,-84,-89
service_user8,"03f67f3f739263dc",2023-11-03,2023-11-03 17:53:54,72,1932,,,1,0,"0x0102030405060708090a","0x32000000000000000000","0x33000000000000000000",-82,-84,-88
service_user8,"03f67f3f739263dc",2023-11-03,2023-11-03 17:54:54,75,1932,,,1,0,"0x32000000000000000000","0x33000000000000000000","0x0102030405060708090a",-83,-86,-96
service_user8,"03f67f3f739263dc",2023-11-03,2023-11-03 17:55:54,69,1932,,,1,1,"0x0102030405060708090a",,,-58,,
